,ignore,neuralnetworks.convolutionalneuralnetwork,neuralnetworks.diffusionmodel,neuralnetworks.generativeflownetworks,neuralnetworks.graphneuralnetwork,neuralnetworks.multilayerperceptron,neuralnetworks.recurrentneuralnetwork,neuralnetworks.transformer,No Predicted Label
ignore,48,0,0,0,1,0,0,0,18
neuralnetworks.convolutionalneuralnetwork,1,23,0,0,0,0,0,0,6
neuralnetworks.diffusionmodel,0,0,4,0,0,0,0,0,1
neuralnetworks.generativeflownetworks,0,0,0,5,0,0,0,0,0
neuralnetworks.graphneuralnetwork,0,0,0,0,10,0,0,0,4
neuralnetworks.multilayerperceptron,0,0,0,0,0,2,0,0,1
neuralnetworks.recurrentneuralnetwork,0,0,0,0,0,0,3,0,3
neuralnetworks.transformer,2,0,0,0,0,0,0,38,6
No True Label,6,1,0,0,0,0,0,1,0
